{
    "train_loss": [
        2.006166697477969,
        1.6935342021852906,
        1.5285016803945948,
        1.3747099109560426,
        1.3237583357455902,
        1.219979523497018,
        1.103185053503769,
        1.053706337926913,
        0.9754109389600698,
        0.9586794724008958,
        0.7198096099187988,
        0.6628270459221586,
        0.6191641038389002,
        0.5916037563227305,
        0.5848723853075946,
        0.5674589499163116,
        0.5205633547803347,
        0.5431811802568491,
        0.5048892464089347,
        0.5217395059778909,
        0.48485977935512165,
        0.49429408674351655,
        0.496744015731542,
        0.47328415500257914,
        0.46133244660397954,
        0.450022947393198,
        0.46116312323955067,
        0.45087506185498155,
        0.4638017864487557,
        0.4430114639781372,
        0.4471756733590864,
        0.42311711178885564,
        0.47451990656917786,
        0.44567809803211667,
        0.4130338728311699,
        0.47495714279643275,
        0.43240987380810414,
        0.457343753062726,
        0.46445979130895515,
        0.43798706652360586,
        0.4616021399667621,
        0.4475323063123528,
        0.42654745482329504,
        0.4446956827626591,
        0.43436191456127354,
        0.4364486569781982,
        0.4135016193166811,
        0.4707200449112563,
        0.4516482592093782,
        0.42833811502475255
    ],
    "val_loss": [
        1.6909244010146236,
        1.4091770951177034,
        1.4636014061914364,
        1.42598802438924,
        2.0208916462643045,
        0.8566335590792374,
        0.8703322200707986,
        0.6166706513351118,
        1.115488179972474,
        0.8940887199321264,
        0.3611130269480423,
        0.32519613982925955,
        0.30196401225009434,
        0.3165196788982606,
        0.2783253092161367,
        0.2818424936751245,
        0.2716385247841687,
        0.24242130005863352,
        0.2599233644948879,
        0.24679957225289142,
        0.24414039791469844,
        0.22238415857435953,
        0.22564782349156662,
        0.22326639840300655,
        0.22845345105923398,
        0.22965962995945569,
        0.22500670082132582,
        0.2186356266619454,
        0.2114041888378036,
        0.21619387369760326,
        0.21865104999340756,
        0.22306145664671778,
        0.21100597944058164,
        0.23369596625717592,
        0.22070577404868436,
        0.22427572708734325,
        0.20877523027675252,
        0.22960499432724965,
        0.21926593234841252,
        0.21242094837443928,
        0.2194472526160764,
        0.229616147951341,
        0.22361740847708475,
        0.22692355471597592,
        0.21818061109999537,
        0.21153261963750275,
        0.21183460866901235,
        0.2233833863701619,
        0.22304600603143934,
        0.2187945951878185
    ],
    "train_acc": [
        0.30097465886939573,
        0.3851851851851852,
        0.4619883040935672,
        0.5040935672514619,
        0.5403508771929825,
        0.5707602339181287,
        0.6265107212475634,
        0.6389863547758284,
        0.6658869395711501,
        0.6744639376218323,
        0.7578947368421053,
        0.7762183235867446,
        0.7871345029239766,
        0.7984405458089668,
        0.8062378167641325,
        0.8116959064327485,
        0.8265107212475633,
        0.8140350877192982,
        0.8311890838206627,
        0.8198830409356725,
        0.8389863547758284,
        0.8358674463937622,
        0.8284600389863548,
        0.8428849902534112,
        0.8421052631578947,
        0.8545808966861598,
        0.8440545808966862,
        0.8502923976608187,
        0.8491228070175438,
        0.8538011695906432,
        0.8475633528265107,
        0.8565302144249513,
        0.8506822612085769,
        0.8502923976608187,
        0.8631578947368421,
        0.8401559454191033,
        0.8596491228070176,
        0.8518518518518519,
        0.8463937621832358,
        0.8518518518518519,
        0.8448343079922027,
        0.8502923976608187,
        0.8569200779727095,
        0.8518518518518519,
        0.8518518518518519,
        0.8506822612085769,
        0.8635477582846004,
        0.8440545808966862,
        0.8526315789473684,
        0.8569200779727095
    ],
    "val_acc": [
        0.426056338028169,
        0.5140845070422535,
        0.5352112676056339,
        0.4964788732394366,
        0.397887323943662,
        0.7007042253521127,
        0.7323943661971831,
        0.795774647887324,
        0.647887323943662,
        0.7147887323943662,
        0.8732394366197184,
        0.8661971830985916,
        0.8908450704225352,
        0.8767605633802817,
        0.8908450704225352,
        0.8943661971830986,
        0.897887323943662,
        0.9190140845070423,
        0.897887323943662,
        0.9049295774647887,
        0.9014084507042254,
        0.9119718309859155,
        0.9119718309859155,
        0.926056338028169,
        0.9190140845070423,
        0.9119718309859155,
        0.9119718309859155,
        0.926056338028169,
        0.926056338028169,
        0.926056338028169,
        0.9225352112676056,
        0.9154929577464789,
        0.9225352112676056,
        0.9049295774647887,
        0.9190140845070423,
        0.9190140845070423,
        0.9295774647887324,
        0.9049295774647887,
        0.9190140845070423,
        0.926056338028169,
        0.9225352112676056,
        0.9190140845070423,
        0.926056338028169,
        0.9190140845070423,
        0.9154929577464789,
        0.926056338028169,
        0.926056338028169,
        0.9119718309859155,
        0.9225352112676056,
        0.926056338028169
    ],
    "lr": [
        0.001,
        0.001,
        0.001,
        0.001,
        0.001,
        0.001,
        0.001,
        0.001,
        0.001,
        0.001,
        0.0001,
        0.0001,
        0.0001,
        0.0001,
        0.0001,
        0.0001,
        0.0001,
        0.0001,
        0.0001,
        0.0001,
        1e-05,
        1e-05,
        1e-05,
        1e-05,
        1e-05,
        1e-05,
        1e-05,
        1e-05,
        1e-05,
        1e-05,
        1.0000000000000002e-06,
        1.0000000000000002e-06,
        1.0000000000000002e-06,
        1.0000000000000002e-06,
        1.0000000000000002e-06,
        1.0000000000000002e-06,
        1.0000000000000002e-06,
        1.0000000000000002e-06,
        1.0000000000000002e-06,
        1.0000000000000002e-06,
        1.0000000000000002e-07,
        1.0000000000000002e-07,
        1.0000000000000002e-07,
        1.0000000000000002e-07,
        1.0000000000000002e-07,
        1.0000000000000002e-07,
        1.0000000000000002e-07,
        1.0000000000000002e-07,
        1.0000000000000002e-07,
        1.0000000000000002e-07
    ]
}